bill_month,mean_bill_amount,median_bill_amount,mean_payment_amount,median_payment_amount
bill_amt_apr,38871.7604,17071.0,5215.502566666667,1500.0
bill_amt_may,40311.40096666667,18104.5,4799.387633333334,1500.0
bill_amt_jun,43262.94896666666,19052.0,4826.076866666666,1500.0
bill_amt_jul,47013.1548,20088.5,5225.6815,1800.0
bill_amt_aug,49179.07516666667,21200.0,5921.1635,2009.0
bill_amt_sep,51223.3309,22381.5,5663.5805,2100.0
