model,roc_auc,pr_auc,brier_score,log_loss,f1,precision,recall,balanced_accuracy,threshold
mlp,0.7776459905071237,0.5577893571035288,0.1856358217812878,0.5572599212617567,0.5295391277451283,0.4491080797481637,0.6450640542577242,0.7101844987744859,0.5
