year,banked_pct,mobile_money_pct,excluded_pct,adult_pop_m,banked_m,excluded_m
2008,21.1,0.0,53.0,69.2,14.601200000000002,36.676
2010,24.0,0.5,46.3,74.0,17.759999999999998,34.262
2012,28.6,2.1,39.5,79.0,22.594,31.205000000000002
2014,36.3,3.9,39.5,84.5,30.6735,33.377500000000005
2016,38.3,5.6,41.6,91.0,34.852999999999994,37.856
2018,39.5,7.2,36.8,96.8,38.236,35.6224
2020,40.1,12.4,35.9,102.0,40.902,36.617999999999995
2023,45.0,18.0,26.0,106.0,47.7,27.560000000000002
